k,skeleton_graph,definite_order_perturbated_graph,random_order_perturbated_graph,dop_like_random_graph,rop_like_random_graph
0,-1.2878587085651816e-14,3.197387464375481e-14,-1.0177891651219975e-13,-3.007788383541278e-14,2.1138276916590455e-14
1,-1.2536145489504929e-14,3.907930200135581e-14,-7.658089250630121e-14,1.100586181455741,2.7688392239747066
2,-8.712018284742417e-15,0.22837080345228392,1.9809318046690836,1.7779503535169838,3.8250420051505207
3,-6.929855062990338e-15,0.22837080345230099,1.9809318046691164,1.945871414505385,4.290787384723995
4,-6.666550152754445e-15,0.5101253758065748,2.000000000000011,1.9667942626216806,4.501023895573965
5,-6.404400330879741e-15,0.510125375806589,2.0000000000000226,2.008823146414665,4.798014997854456
6,-5.5700790882606e-15,0.8018599277833526,2.0000000000000555,2.079347134133876,4.8712949030537605
7,-5.505868872654964e-15,0.8018599277834105,2.0000000000000644,2.174410208457397,4.928355964388587
8,-5.242906820246328e-15,1.1345831912031399,2.5964475809301533,2.4034711419932355,4.993249261910626
9,-5.087830444236742e-15,1.134583191203224,2.5964475809301875,2.5318893980692097,5.040836544113304
10,-4.619972298953998e-15,1.6098929467321645,2.5993650556830588,2.554666245793196,5.435651389368769
11,-4.231733790509504e-15,1.6098929467322014,2.599365055683087,2.5797501417147846,5.771687175925643
12,-3.738381247173588e-15,1.9999999999999871,3.0976098403009997,2.6709655742689993,5.897515755727584
13,-3.453348079618586e-15,2.0000000000000253,3.097609840301079,2.8170488321348355,5.978830215687614
14,-2.8503723804579217e-15,2.052727371534445,3.097819586769918,3.016033749326495,6.037900351384737
15,-2.283193347902057e-15,2.0527273715344525,3.097819586769987,3.065380005904052,6.208007502812831
16,-2.1966426066505933e-15,2.149624933420196,3.382751434297861,3.117635751403622,6.724041979443205
17,-1.6534316201338252e-15,2.1496249334201996,3.382751434297959,3.155743554649801,6.783811054685014
18,-1.619259371841282e-15,2.169659518377853,3.890143777039203,3.1960966627491842,6.848757165758642
19,-1.5542985626528056e-15,2.1696595183778937,3.890143777039265,3.2639216312049784,6.898217602255876
20,-6.654140932753847e-16,2.2317284187371915,3.999999999999946,3.3346955702574537,7.054989278251264
21,1.9459786485492943e-18,2.2317284187372093,3.999999999999965,3.491717042171786,7.160076567310288
22,1.3602497567385512e-15,2.383870114336049,3.999999999999979,3.564129413714738,7.24431150283855
23,1.3897125038233086e-15,2.3838701143360552,3.9999999999999885,3.5849006484503665,7.42151456570418
24,2.0522823824475923e-15,2.3917215951362367,3.9999999999999996,3.6187812610432153,7.4588996879003915
25,2.8901189894718595e-15,2.3917215951362447,4.0,3.6633740342420733,7.597406989500395
26,4.310352263393367e-15,2.6325505262100215,4.000000000000013,3.704173929956823,7.658174319006296
27,5.842364629272766e-15,2.632550526210025,4.000000000000025,3.7305761415054044,7.805746086211782
28,6.151986608554983e-15,2.717990799695399,5.093182821610318,3.790338281334001,7.832319366492279
29,6.447000589783675e-15,2.7179907996954027,5.093182821610349,3.8737395216443176,7.8760467851935285
30,7.583733192141782e-15,2.9061536269059514,5.106767020999082,3.8982717532163518,7.997173001562502
31,9.413646785173721e-15,2.9061536269059656,5.106767020999109,3.923626437712293,8.002211156345044
32,1.9999999999999905,2.940747472228413,5.307068760907849,4.001874001869122,8.09917411500417
33,1.9999999999999905,2.94074747222842,5.3070687609078595,4.144363447167436,8.21013064087343
34,1.9999999999999916,3.1825386190064093,5.3693322506932635,4.165102288560256,8.252177202285512
35,1.9999999999999925,3.1825386190064124,5.369332250693334,4.195773968376179,8.428486483466783
36,1.999999999999993,3.3051098200544593,5.541385614078808,4.261509827535714,8.50324500874371
37,1.9999999999999936,3.305109820054468,5.541385614078812,4.287320487937953,8.598809872850124
38,1.999999999999994,3.5336324129727226,5.999999999999978,4.331998305808719,8.642441508239958
39,1.9999999999999942,3.533632412972739,5.999999999999981,4.365502328759535,8.703577274078862
40,1.9999999999999942,3.669332737418571,5.999999999999983,4.413404876651328,8.782826092651975
41,1.9999999999999944,3.6693327374185993,6.000000000000018,4.497214893796627,8.811110042177312
42,1.9999999999999944,3.670392693255797,6.2931981535135035,4.515959783721365,8.8636848512453
43,1.9999999999999944,3.6703926932558057,6.29319815351352,4.530368577016693,8.97343204526512
44,1.9999999999999947,3.9963162740396094,6.298150600699482,4.588425702483508,9.056940865455969
45,1.9999999999999947,3.996316274039636,6.298150600699502,4.591273216755943,9.087039996164854
46,1.9999999999999947,3.9999999999999942,6.7846503345329126,4.629348404837243,9.159447609482765
47,1.999999999999995,4.00000000000002,6.784650334532965,4.672188319951723,9.183640018028145
48,1.999999999999995,4.065634712575541,6.7888783864314615,4.734495982031598,9.237665236287727
49,1.9999999999999953,4.065634712575545,6.788878386431547,4.74052989311137,9.333881711066235
50,1.9999999999999953,4.142837578779358,6.9468949190317035,4.761353759143503,9.351634863500058
51,1.9999999999999958,4.142837578779381,6.946894919031734,4.804036692590584,9.406836776022406
52,1.9999999999999958,4.179650386201904,7.9704963445663175,4.863714338738685,9.429875520263458
53,1.999999999999996,4.179650386201917,7.970496344566344,4.9135424732832105,9.514152067974035
54,1.9999999999999964,4.180363427458939,7.999999999999973,4.968653501256872,9.55793763174126
55,1.9999999999999967,4.180363427458954,8.000000000000028,4.986193110695762,9.60874813205096
56,1.999999999999997,4.41079982590991,8.086387533046155,5.013285284492157,9.684094192550111
57,1.9999999999999971,4.410799825909931,8.086387533046224,5.068444819271662,9.768214928523786
58,1.9999999999999971,4.443837643052368,8.38464081323871,5.093484748792086,9.811324535075391
59,1.9999999999999971,4.44383764305238,8.384640813238745,5.146495232173444,9.866938177869136
60,1.9999999999999971,4.459873196207995,8.731327808996296,5.1635863244071105,9.908074376693635
61,1.9999999999999973,4.4598731962080045,8.731327808996381,5.201820804691525,9.968407564742108
62,1.9999999999999973,4.536124233452889,9.432393757940236,5.2375195089340325,10.04154579632558
63,1.9999999999999973,4.536124233452894,9.43239375794026,5.279909921725742,10.074041563863227
64,1.9999999999999976,4.713018821247874,10.572437596487347,5.30159242415201,10.17316770879439
65,1.9999999999999976,4.713018821247879,10.572437596487395,5.3591818822745445,10.211757568641673
66,1.9999999999999976,4.992524584429594,10.925535884901512,5.382398362199316,10.28511676668089
67,1.9999999999999976,4.992524584429595,10.92553588490153,5.434631489371257,10.329174895628237
68,1.9999999999999976,5.029403672542995,10.960663335630013,5.461114658675204,10.360779701968479
69,1.9999999999999978,5.029403672542996,10.960663335630057,5.487872106436569,10.416638494140324
70,1.9999999999999978,5.050006762947339,11.255199062455825,5.532006919953603,10.490316981147037
71,1.999999999999998,5.050006762947341,11.255199062455844,5.545268285470873,10.52570696192494
72,1.999999999999998,5.065896266897929,11.322651218930714,5.604167108639197,10.577958466368308
73,1.999999999999998,5.065896266897934,11.322651218930716,5.6146694134484685,10.647202324332444
74,1.9999999999999982,5.125242357404622,11.953195256261145,5.682876052052723,10.752995694663877
75,1.9999999999999982,5.12524235740464,11.95319525626117,5.701436764285452,10.811795520105383
76,1.9999999999999982,5.359630062903793,12.116056227384147,5.729005495851844,10.836694617478162
77,1.9999999999999984,5.359630062903808,12.116056227384153,5.754941307252016,10.850429263332511
78,1.9999999999999987,5.472131204804357,12.285211483886993,5.78700025901174,10.960452325238233
79,1.9999999999999987,5.472131204804364,12.285211483887048,5.802516994578093,11.000774599312988
80,1.9999999999999987,5.546397079174795,12.378048399479953,5.8291089279718005,11.085837510546224
81,1.9999999999999987,5.546397079174803,12.378048399479985,5.862376659806488,11.128093314130671
82,1.9999999999999987,5.674860529348739,12.622742037629218,5.883375811132921,11.170253287451075
83,1.999999999999999,5.674860529348743,12.622742037629225,5.903363182203548,11.191867814370697
84,1.999999999999999,5.697244285322808,12.678279900531397,5.9638500532512975,11.28901863668642
85,1.9999999999999991,5.697244285322812,12.678279900531445,5.983181239989305,11.341121090979753
86,1.9999999999999991,5.760082938763987,12.736036745105192,6.026658006751442,11.390707220708144
87,1.9999999999999991,5.760082938763989,12.736036745105196,6.060819708295412,11.544632820671698
88,1.9999999999999991,5.924691014336249,12.761826409714859,6.102685074399041,11.581707483739342
89,1.9999999999999991,5.924691014336252,12.761826409714892,6.113662080661357,11.603220297114529
90,1.9999999999999993,5.9361068665943515,12.907251628122092,6.139674279485204,11.636095345552988
91,1.9999999999999993,5.936106866594359,12.907251628122104,6.189345442451233,11.737656370096218
92,1.9999999999999996,5.999999999999998,12.977993619070709,6.232025352848755,11.803865215981146
93,1.9999999999999996,5.999999999999998,12.977993619070743,6.249919393598807,11.84803571385053
94,1.9999999999999998,6.056878237656472,13.116193533905088,6.267055715721479,11.904121906252827
95,1.9999999999999998,6.0568782376564725,13.116193533905093,6.295651762977722,12.02467608633896
96,1.9999999999999998,6.069255223057042,13.187425220236204,6.359467840307118,12.086591565047035
97,2.0,6.06925522305705,13.187425220236218,6.388673344950311,12.14420990194229
98,2.0,6.091683260249353,13.412759669525695,6.412333502301341,12.220571796757177
99,2.0,6.091683260249359,13.412759669525704,6.44773187764525,12.230361627905713
100,2.0,6.220568760252533,13.506269894042626,6.502423812015084,12.302265786374505
101,2.0,6.220568760252538,13.50626989404265,6.566985406091609,12.332272225180139
102,2.0,6.266423574582811,13.675982464641473,6.5921059456298945,12.43146304675752
103,2.0,6.266423574582816,13.675982464641487,6.612497151083544,12.504388520271903
104,2.0,6.303974579247784,13.732229624464422,6.636025751735578,12.573266706690978
105,2.0000000000000004,6.303974579247786,13.732229624464425,6.652749589714988,12.587823161376642
106,2.0000000000000004,6.344958397076271,13.826435528297832,6.69048688576797,12.663412377737723
107,2.0000000000000004,6.344958397076273,13.826435528297843,6.73070834326191,12.693767934569387
108,2.0000000000000004,6.354736423990006,13.971577048954014,6.770628600238956,12.737117272898484
109,2.000000000000001,6.354736423990008,13.971577048954021,6.819689736980439,12.787229850760504
110,2.000000000000001,6.365703429512181,14.041965571017002,6.830055439515222,12.820350236240154
111,2.000000000000001,6.365703429512182,14.041965571017021,6.90013901632287,12.875094562206804
112,2.000000000000001,6.4619274470840855,14.161939764661582,6.948889431288674,12.925678596067145
113,2.0000000000000013,6.461927447084087,14.161939764661586,6.965958582280553,12.944296098979894
114,2.0000000000000013,6.515541118837902,14.471559862202291,7.009905728437501,13.083983298671258
115,2.0000000000000013,6.515541118837902,14.471559862202298,7.063483613906172,13.17255389436532
116,2.0000000000000013,6.518303531978363,14.53424963719145,7.089125445027004,13.222053403294831
117,2.0000000000000013,6.518303531978367,14.534249637191458,7.131505897739235,13.347350311809286
118,2.0000000000000013,6.537563641804731,14.619273288170664,7.153504315161556,13.3791682784887
119,2.0000000000000013,6.537563641804732,14.619273288170676,7.194704456696741,13.395231414181398
120,2.0000000000000018,6.568693698583206,14.734911219290433,7.217361782569777,13.504519696609707
121,2.0000000000000018,6.568693698583214,14.734911219290437,7.281729096051601,13.530251926527189
122,2.0000000000000018,6.691151128711113,14.818348698333848,7.292285143227109,13.586343338759999
123,2.0000000000000018,6.691151128711115,14.818348698333875,7.314358891866458,13.647175658856199
124,2.0000000000000018,6.724106508060636,14.987536515407143,7.386989581543517,13.686694261940117
125,2.000000000000002,6.72410650806064,14.98753651540717,7.394163872418234,13.690436854080634
126,2.000000000000002,6.755258149831202,15.167367175005129,7.408015034331391,13.776705909202615
127,2.000000000000002,6.755258149831204,15.16736717500515,7.46207266572503,13.802551080593977
128,2.0000000000000027,6.786498180235086,15.436119859799847,7.483754650943896,13.855104081107662
129,2.0000000000000027,6.786498180235089,15.436119859799868,7.5238037047636555,13.867114900260823
130,2.0000000000000027,6.822578745806163,15.515159958525429,7.529818235202544,13.940274471170396
131,2.0000000000000027,6.8225787458061635,15.515159958525436,7.534689472022253,14.034286096818585
132,2.0000000000000027,6.884602301187479,15.695577857069221,7.5887073171044905,14.090028162108355
133,2.0000000000000027,6.884602301187479,15.695577857069225,7.631381506062812,14.155903465485972
134,2.0000000000000027,6.895063589802923,15.81343254323729,7.68193821793483,14.217666826669989
135,2.0000000000000027,6.89506358980293,15.813432543237294,7.701174206677258,14.307760437161788
136,2.000000000000003,6.9959915379994175,15.886082027699246,7.740250859427523,14.390918890330813
137,2.000000000000003,6.995991537999419,15.886082027699253,7.792896507232946,14.440265086550587
138,2.000000000000003,7.058092307877587,16.112875408016738,7.823781985154578,14.479398954583115
139,2.000000000000003,7.058092307877588,16.11287540801674,7.835712362865274,14.496889583015214
140,2.0000000000000036,7.112306221145496,16.171155356556984,7.890541002233954,14.54032880908763
141,2.0000000000000036,7.112306221145496,16.17115535655699,7.96014833644048,14.563053544960846
142,2.000000000000004,7.154021945643707,16.248997175719133,7.978302869705886,14.73206099174923
143,2.000000000000004,7.154021945643707,16.248997175719136,8.023564158741875,14.74725769544663
144,2.000000000000004,7.28546126768508,16.50080890204777,8.060756796814154,14.804539476429442
145,2.000000000000004,7.285461267685084,16.5008089020478,8.073655345533442,14.840016464545764
146,2.0000000000000044,7.349252385764289,16.543176950899564,8.096360757423696,14.893236552749778
147,2.000000000000005,7.349252385764291,16.543176950899568,8.109946588606151,14.957139935792743
148,2.000000000000005,7.384604976426756,16.689249418426726,8.187690462701896,14.989443103182614
149,2.0000000000000053,7.384604976426759,16.689249418426733,8.21653596819228,15.026532917501399
150,2.0000000000000053,7.467539871579586,16.835040530060116,8.248000613288227,15.106797426605914
151,2.0000000000000067,7.4675398715795875,16.835040530060116,8.286426556107916,15.124766791196302
152,2.0000000000000067,7.47090831316664,16.995838010261476,8.309189081577815,15.161443129120038
153,2.0000000000000075,7.470908313166643,16.995838010261483,8.368784755189816,15.244208991996205
154,2.000000000000008,7.494372719341659,17.04501986946409,8.39730397013634,15.38906032251508
155,2.000000000000008,7.494372719341659,17.04501986946411,8.438173612608328,15.43867111756542
156,2.000000000000008,7.569150152263528,17.18095795218147,8.442817099535956,15.516255811621468
157,2.000000000000009,7.5691501522635285,17.180957952181494,8.501642273302446,15.522828602951746
158,2.0000000000000098,7.570685126626225,17.26658455328003,8.550592404376117,15.57929214646675
159,2.00000000000001,7.570685126626229,17.266584553280058,8.560428686998645,15.628639305798362
160,3.999999999999986,7.574027338421696,17.31468189917167,8.576853005741954,15.664927742935767
161,3.9999999999999867,7.5740273384217,17.314681899171706,8.592566575507446,15.753759410393684
162,3.999999999999989,7.608256631051509,17.386290614591573,8.620975604577351,15.81359283042736
163,3.999999999999989,7.608256631051512,17.386290614591577,8.650122657174357,15.901269064712357
164,3.9999999999999902,7.615186519779018,17.547347142761264,8.705889971626245,16.008206982846104
165,3.9999999999999907,7.615186519779025,17.54734714276127,8.754914370146412,16.046379055780562
166,3.9999999999999907,7.731156341581484,17.737404498506482,8.809360752815428,16.117064916340805
167,3.9999999999999907,7.731156341581491,17.737404498506493,8.83359330932264,16.161561841132556
168,3.999999999999991,7.807480604382374,17.811258377621236,8.850487656590273,16.181974292129684
169,3.999999999999991,7.807480604382374,17.81125837762124,8.880937148243005,16.23981804629466
170,3.9999999999999916,7.948255623728831,17.892008733099722,8.887074090962743,16.300424104095562
171,3.9999999999999916,7.948255623728832,17.89200873309973,8.965687415188127,16.343697762346327
172,3.9999999999999916,7.9954327388523385,17.97564295042585,9.02237207176516,16.47470398930394
173,3.999999999999992,7.9954327388523385,17.975642950425854,9.069265340931322,16.499224188766917
174,3.999999999999992,7.996808675080593,18.01883547161633,9.103784976603798,16.554959219296013
175,3.999999999999992,7.996808675080598,18.018835471616335,9.108951457616426,16.636121556866332
176,3.999999999999992,8.063796591395143,18.14870747813959,9.164098794982799,16.662412925154943
177,3.9999999999999925,8.063796591395148,18.1487074781396,9.198623132391425,16.712524353665888
178,3.999999999999993,8.180313354239361,18.29792162239557,9.23127373715929,16.775266466973108
179,3.9999999999999933,8.180313354239361,18.297921622395588,9.29148012432136,16.874526438146884
180,3.9999999999999933,8.219248059206862,18.369912566179597,9.3121740483305,16.896022794905814
181,3.9999999999999933,8.219248059206866,18.369912566179607,9.358125737351543,16.971684185404325
182,3.9999999999999933,8.270666375004947,18.459060933752227,9.421728819669795,17.049908900499208
183,3.999999999999994,8.270666375004947,18.45906093375223,9.424883864054767,17.158874307461474
184,3.999999999999994,8.396397818131698,18.666892483735882,9.436913016050713,17.195867709514896
185,3.999999999999994,8.3963978181317,18.666892483735904,9.461621861181854,17.198233339181098
186,3.9999999999999942,8.550491076987306,18.74244611597266,9.491843403647406,17.265412970356667
187,3.9999999999999942,8.550491076987312,18.742446115972665,9.551471350815316,17.36851120609343
188,3.9999999999999942,8.563517352201622,18.78781466936168,9.604668792433655,17.383342901206397
189,3.9999999999999947,8.56351735220163,18.78781466936169,9.61976452673841,17.40474542590481
190,3.9999999999999947,8.71154927580594,18.882586284480052,9.659322217264615,17.46294744375574
191,3.9999999999999947,8.711549275805943,18.882586284480052,9.671527022931398,17.505932711755154
192,3.9999999999999947,8.787385764683176,19.128870977846844,9.70021735133154,17.65442306801749
193,3.9999999999999947,8.787385764683178,19.128870977846844,9.778119938570558,17.720245515880315
194,3.9999999999999947,8.831121109988944,19.219232068488232,9.814616891544564,17.735718411497338
195,3.999999999999995,8.831121109988949,19.21923206848824,9.830664197559058,17.840116598524734
196,3.999999999999995,9.014576678495708,19.283900394143895,9.862846606425217,17.863943757591816
197,3.999999999999995,9.014576678495713,19.2839003941439,9.89883634526239,17.90533721852067
198,3.9999999999999956,9.180686694879942,19.50596778922445,9.967249877958148,17.978253060419725
199,3.9999999999999956,9.180686694879952,19.50596778922446,9.988124070831766,18.01220685421832
200,3.9999999999999956,9.252957850818138,19.540595203768603,10.020066656162461,18.07497189168161
201,3.9999999999999956,9.252957850818145,19.54059520376861,10.039187491393015,18.12360266514837
202,3.9999999999999956,9.258165663867532,19.651477645765773,10.049793450797452,18.223810385117407
203,3.999999999999996,9.258165663867535,19.651477645765773,10.117746587675434,18.27727219637866
204,3.999999999999996,9.381397561262501,19.74109818077618,10.16896220264487,18.34799747170088
205,3.999999999999996,9.381397561262512,19.741098180776188,10.206910672590038,18.370165455043452
206,3.9999999999999964,9.404703468108325,19.79046487456136,10.235837733634364,18.509814547434157
207,3.9999999999999964,9.40470346810833,19.790464874561362,10.270083510899285,18.58853974096735
208,3.9999999999999964,9.508261585278673,19.91471154873804,10.310884458277227,18.679642120063345
209,3.9999999999999964,9.508261585278674,19.91471154873805,10.369105234032851,18.71148625171135
210,3.9999999999999964,9.538340218755653,20.042979248853282,10.427294685330272,18.742066467760107
211,3.9999999999999964,9.538340218755657,20.042979248853282,10.468870559793576,18.830860890535135
212,3.9999999999999964,9.573332459254104,20.08749586935699,10.508252889957214,18.863741253639244
213,3.9999999999999964,9.573332459254106,20.08749586935701,10.53583131801322,18.896901002572168
214,3.9999999999999964,9.573426754084544,20.27650553106412,10.580238634359844,18.927963174341894
215,3.9999999999999964,9.573426754084547,20.27650553106413,10.596417783337767,19.061394233346956
216,3.999999999999997,9.916273104317588,20.434683445392512,10.635985849509055,19.067605375065952
217,3.999999999999997,9.916273104317598,20.434683445392515,10.690953130716538,19.18520874794015
218,3.999999999999997,10.035767746275267,20.595145181841154,10.704186054830283,19.205360441609475
219,3.999999999999997,10.035767746275287,20.595145181841165,10.763981490854645,19.26166815417639
220,3.999999999999997,10.116671687015751,20.67269010752638,10.792236779976072,19.301812806681298
221,3.999999999999997,10.116671687015756,20.672690107526385,10.89163829569474,19.384836767920202
222,3.9999999999999973,10.213765244241337,20.761186264243317,10.936532316161324,19.473246222610598
223,3.9999999999999973,10.213765244241339,20.76118626424332,10.987080248488175,19.492387637357734
224,3.9999999999999973,10.280288217169533,20.866685030455272,10.992698653404824,19.595890896366598
225,3.9999999999999973,10.28028821716954,20.866685030455272,11.036207765098034,19.670040459396613
226,3.9999999999999973,10.531377294157167,21.072896386244807,11.078974368645095,19.701381259503826
227,3.999999999999998,10.53137729415717,21.072896386244814,11.110441518044787,19.79534174307265
228,3.999999999999998,10.797667557392622,21.101996618642726,11.15511381585676,19.827306658433614
229,3.999999999999998,10.797667557392636,21.101996618642726,11.187275005206573,19.848655616230936
230,3.999999999999998,10.851352721538472,21.247214165121765,11.234911190137213,19.925499413519027
231,3.999999999999998,10.851352721538474,21.24721416512177,11.263075745727802,20.043781294890056
232,3.999999999999998,11.240454963134704,21.415890290220858,11.293526782166758,20.06793400240336
233,3.999999999999998,11.240454963134708,21.41589029022086,11.33959431168953,20.12143159836755
234,3.9999999999999982,11.25481758290054,21.459113804206275,11.401156599415565,20.176776449703535
235,3.9999999999999982,11.254817582900541,21.459113804206275,11.433281900341784,20.255811793507306
236,3.9999999999999982,11.51110762465791,21.510690184546114,11.502678013402134,20.323111912871752
237,3.9999999999999982,11.511107624657917,21.510690184546117,11.516493430695458,20.40588075138326
238,3.9999999999999982,11.528301209400984,21.560045950824236,11.569621669472681,20.455558304658325
239,3.9999999999999982,11.528301209400993,21.56004595082424,11.629247384059783,20.574712415629936
240,3.9999999999999982,12.213198811772358,21.808507280502486,11.668722918274124,20.611873422591923
241,3.9999999999999982,12.21319881177236,21.808507280502493,11.705246499450073,20.626714594361182
242,3.9999999999999987,12.341388049637908,21.85993075507952,11.724512481378612,20.673266093897634
243,3.9999999999999987,12.341388049637908,21.85993075507952,11.783777415326494,20.78806436409205
244,3.9999999999999987,12.372327995293562,21.97501538145618,11.834614668452492,20.794388652653105
245,3.9999999999999987,12.372327995293567,21.97501538145619,11.894373029957716,20.85876088599907
246,3.999999999999999,12.393106643828677,22.017118454393213,11.95027785336103,20.930792981868287
247,3.999999999999999,12.3931066438287,22.01711845439322,11.959587953171356,21.065036136181714
248,3.999999999999999,12.413353252161334,22.118799335041338,11.98439704071934,21.108577527595475
249,3.999999999999999,12.413353252161336,22.11879933504134,12.03272738840235,21.162295140838943
250,3.999999999999999,12.501868614966332,22.172376197447733,12.05677237366118,21.238100848881164
251,3.999999999999999,12.501868614966336,22.172376197447736,12.083325465853598,21.247544602511297
252,3.9999999999999996,12.648691073549397,22.278540022587872,12.104117408299771,21.400949222820564
253,3.9999999999999996,12.648691073549402,22.27854002258788,12.170640001474496,21.468141068634356
254,3.9999999999999996,12.712288491684351,22.384743934382193,12.203059394290104,21.529587978512534
255,3.9999999999999996,12.712288491684356,22.3847439343822,12.247457263338116,21.643620443591036
256,4.0,12.714100461863465,22.50107436393517,12.285689752060001,21.70404148684254
257,4.0,12.714100461863477,22.501074363935192,12.325455493689823,21.756504310655775
258,4.0,12.796369405385182,22.57290702320998,12.350489212060767,21.81286114184106
259,4.0,12.796369405385184,22.572907023209986,12.43226129632809,21.84675524307211
260,4.0,12.89512218015875,22.739870229550455,12.452981232682246,21.936329785066018
261,4.0,12.895122180158754,22.73987022955046,12.468997302509695,22.00092378614697
262,4.0,12.905897285318895,22.81913690812719,12.52075576279401,22.055040302825507
263,4.0,12.905897285318904,22.819136908127195,12.544336995688683,22.07780851309172
264,4.0,13.269269687708505,22.98715758783933,12.666116388532926,22.15768407680451
265,4.0,13.269269687708512,22.987157587839338,12.681917472777528,22.209870266088558
266,4.0,13.275196250251048,23.10424035483644,12.72264863160215,22.253168303760496
267,4.0,13.27519625025105,23.104240354836442,12.739136635035363,22.366907247426724
268,4.0,13.308794273928514,23.22331853532168,12.784340309590608,22.458619401076245
269,4.0,13.30879427392852,23.223318535321688,12.79956654912509,22.580663148469117
270,4.0,13.318827661184585,23.34486673589921,12.840132291648986,22.59698980614208
271,4.0,13.318827661184592,23.34486673589924,12.921986669163351,22.629740445256783
272,4.0,13.348151908464999,23.379711558079414,12.97937003700726,22.77077775891926
273,4.000000000000001,13.348151908465004,23.379711558079435,12.990039872545385,22.814939927467915
274,4.000000000000001,13.484097077335223,23.401069383758294,13.04141041231539,22.934568022206243
275,4.000000000000001,13.484097077335225,23.401069383758305,13.088760898648164,22.99542698811197
276,4.000000000000001,13.509676760536042,23.456327239365525,13.103658158066098,23.027229634731167
277,4.000000000000001,13.509676760536045,23.45632723936553,13.139282110996374,23.071012826499615
278,4.000000000000001,13.646122537226955,23.536854801107687,13.184446177760893,23.132670764675023
279,4.000000000000001,13.646122537226956,23.536854801107697,13.231593623814204,23.179102876316016
280,4.000000000000001,13.755234212510743,23.645836738977188,13.25939872865426,23.238345600794315
281,4.000000000000001,13.755234212510755,23.6458367389772,13.321919443179024,23.267663893230644
282,4.000000000000001,13.783518731853244,23.710282274653927,13.34849048503497,23.349423200286065
283,4.000000000000001,13.78351873185325,23.710282274653938,13.41122296478189,23.42893906830808
284,4.000000000000001,13.817506084269635,23.962952416018286,13.468534321444835,23.46557209546212
285,4.000000000000001,13.817506084269644,23.962952416018286,13.549104296776019,23.55792583211778
286,4.000000000000001,13.819419475855025,24.070203269713435,13.560917624803892,23.661075990499736
287,4.000000000000001,13.81941947585504,24.07020326971344,13.579918090334534,23.72491362471655
288,4.000000000000001,13.845966114204296,24.169025378884207,13.608168347259486,23.760564392643374
289,4.000000000000002,13.845966114204314,24.169025378884225,13.64413671280977,23.816550788424923
290,4.000000000000002,13.857993725960842,24.24095270874162,13.735300804134658,23.943124442368916
291,4.000000000000002,13.857993725960846,24.240952708741624,13.768461899627702,24.005180661262813
292,4.000000000000002,13.927708877643239,24.469854151234927,13.798383849612666,24.140210639361964
293,4.000000000000002,13.92770887764324,24.469854151234948,13.833176162383397,24.161836182042848
294,4.000000000000003,14.177874423382944,24.710858557446443,13.87150499260239,24.30626145423894
295,4.000000000000003,14.177874423382946,24.710858557446457,13.90844642060558,24.406513982918028
296,4.000000000000003,14.18773182123301,24.86600845098266,13.942129147991272,24.458069192541668
297,4.000000000000003,14.187731821233026,24.866008450982672,13.990426110497612,24.4996003310484
298,4.000000000000003,14.195927636613229,25.011975668031823,14.113792125871571,24.540665096601725
299,4.000000000000003,14.195927636613234,25.01197566803183,14.119393973662998,24.56268918283121
300,4.000000000000003,14.224246305574928,25.137724197704973,14.17563942903474,24.615261210744443
301,4.000000000000003,14.224246305574955,25.13772419770499,14.240203489652762,24.73781970503837
302,4.000000000000003,14.227965966380856,25.406590130182312,14.25683236353491,24.77567771005607
303,4.000000000000003,14.227965966380857,25.40659013018233,14.33771038159517,24.88302611678961
304,4.000000000000003,14.319351278903627,25.5515692057177,14.355637020529848,24.987529890013477
305,4.0000000000000036,14.319351278903634,25.55156920571772,14.384832123612805,25.098687445208643
306,4.0000000000000036,14.376301130106993,25.749917280208198,14.45835586017721,25.165762750899354
307,4.0000000000000036,14.376301130106999,25.749917280208223,14.481919798014326,25.21678237282396
308,4.0000000000000036,14.389799813602833,25.96987291469873,14.558934114638598,25.252185615002098
309,4.0000000000000036,14.389799813602833,25.96987291469876,14.657352334137567,25.344059479092945
310,4.0000000000000036,14.42259554965486,26.13509815535236,14.700447564055162,25.436502075562657
311,4.0000000000000036,14.422595549654861,26.13509815535238,14.73493284678808,25.508633195067166
312,4.0000000000000036,14.477715400660852,26.40648974598429,14.8061446205636,25.580791487496636
313,4.000000000000004,14.477715400660863,26.40648974598429,14.824245505158268,25.659875486450314
314,4.000000000000004,14.595456113450425,26.61448486727005,14.895824709894745,25.720623229749503
315,4.000000000000004,14.595456113450425,26.61448486727007,14.911942771698532,25.752246607103206
316,4.000000000000004,14.846002993597697,26.678749737909243,14.978336546025858,25.891003546835336
317,4.000000000000004,14.846002993597699,26.67874973790926,15.009163655269026,25.944458589416833
318,4.000000000000004,14.846283831580939,26.830854035622266,15.04142374178725,26.03414530307672
319,4.000000000000004,14.84628383158094,26.830854035622277,15.0583390069937,26.09631060269695
320,4.000000000000004,14.898189031460028,27.03312479088516,15.118166799739553,26.198574680508763
321,4.000000000000005,14.89818903146004,27.03312479088517,15.219444620986344,26.298723481952127
322,4.000000000000005,14.9137246828915,27.095222491379896,15.22442381069118,26.352660458557096
323,4.000000000000005,14.913724682891504,27.09522249137991,15.245914554654181,26.395419373662136
324,4.000000000000005,14.921844945211504,27.2003312713225,15.346558929514993,26.429690480985265
325,4.000000000000005,14.921844945211514,27.20033127132255,15.374926074415407,26.494429219547367
326,4.000000000000006,14.933469946744037,27.23862848044364,15.428350066309369,26.517203762595216
327,4.000000000000006,14.93346994674404,27.238628480443683,15.516833470496985,26.716199581381492
328,4.000000000000006,14.956589193130378,27.463122498414346,15.541153037322005,26.779156829642613
329,4.000000000000006,14.956589193130382,27.46312249841435,15.602377994933425,26.945080173791343
330,4.000000000000006,14.969901075092407,27.536247474332082,15.637837610801107,27.03696343152121
331,4.000000000000007,14.969901075092412,27.536247474332082,15.673962957450629,27.08352523961559
332,4.000000000000007,15.024205827594487,27.686559469087044,15.736897454736411,27.127837161614043
333,4.000000000000007,15.024205827594509,27.68655946908705,15.771530648737578,27.17515304661755
334,4.000000000000007,15.031646570297621,27.87283003503463,15.813410774797626,27.226767853771115
335,4.000000000000007,15.031646570297628,27.87283003503464,15.89354318351746,27.30058290627928
336,4.000000000000007,15.092622844626323,27.955521856004736,15.943179675869146,27.419023888613502
337,4.000000000000007,15.092622844626327,27.95552185600474,16.001678514121643,27.482166395283134
338,4.000000000000007,15.104149742907335,28.198315898526893,16.031540360572354,27.519174107557625
339,4.000000000000007,15.104149742907344,28.1983158985269,16.082354073178276,27.56205319529046
340,4.000000000000009,15.117173420741924,28.270418183022866,16.11091111352148,27.678948895825624
341,4.000000000000009,15.117173420741938,28.27041818302291,16.159844456655563,27.720227745874613
342,4.00000000000001,15.128821774410321,28.579139688306928,16.21320788728335,27.843327729425575
343,4.000000000000011,15.128821774410321,28.579139688306963,16.252259738278163,28.021915282800304
344,4.000000000000011,15.184676296912263,28.640718801794005,16.269277114353645,28.03871505806553
345,4.000000000000011,15.184676296912267,28.64071880179403,16.28448812832133,28.065182978653223
346,4.000000000000011,15.26079569295647,28.742567800823856,16.36705975321607,28.097763720192
347,4.000000000000011,15.260795692956496,28.742567800823874,16.37533766029408,28.21608652986343
348,4.0000000000000115,15.385549074916057,28.936732259834773,16.4298261156747,28.250602183410688
349,4.000000000000012,15.385549074916067,28.93673225983482,16.5001167304689,28.370616067139974
350,4.000000000000013,15.585593593290877,29.060710471755595,16.543801180891226,28.42645013756807
351,4.000000000000013,15.585593593290879,29.060710471755606,16.663624556889403,28.496178070895656
352,5.999999999999984,15.606495985172671,29.095822324940414,16.68518122221584,28.51991073422726
353,5.999999999999984,15.606495985172677,29.09582232494043,16.729632208644343,28.764021242326915
354,5.999999999999986,15.74175535873685,29.311362926748718,16.810709936546683,28.854265267213474
355,5.999999999999987,15.741755358736853,29.311362926748767,16.848298847766472,28.90673316532159
356,5.999999999999989,15.824549372189855,29.54419878591871,16.88294891992869,28.929373224647755
357,5.999999999999989,15.824549372189882,29.54419878591872,16.93046389089491,28.98816770518378
358,5.999999999999989,15.92666615087525,29.776043330365688,16.998577312644922,29.02205329529394
359,5.999999999999989,15.926666150875253,29.776043330365734,17.046167378441954,29.1912142068325
360,5.99999999999999,16.271302997137212,29.954309930111503,17.067511622900543,29.21288702084402
361,5.99999999999999,16.271302997137212,29.954309930111517,17.14160248301056,29.35500682513688
362,5.999999999999991,16.330187131565378,30.046996960082286,17.184172354351507,29.405203958676992
363,5.999999999999992,16.330187131565395,30.046996960082296,17.276099023284424,29.622047056182534
364,5.999999999999993,16.359238489025312,30.167153533941605,17.34655416690341,29.652965659457003
365,5.999999999999993,16.359238489025334,30.167153533941615,17.36385893706461,29.694795362396366
366,5.999999999999993,16.387647851358704,30.308298866679603,17.39503415508758,29.77515110818544
367,5.999999999999993,16.387647851358714,30.308298866679614,17.41953605187056,29.84335283576986
368,5.999999999999993,16.990554138224017,30.45457422889251,17.52608472707683,29.886557760611815
369,5.999999999999994,16.990554138224027,30.454574228892515,17.60721277500993,29.972821868606164
370,5.999999999999994,17.195683942865553,30.545597436904103,17.638026729027516,29.999917528775068
371,5.999999999999994,17.195683942865582,30.54559743690411,17.647157599788322,30.046811706347537
372,5.999999999999994,17.240372181917603,30.68621995957637,17.701558176706087,30.173386494384086
373,5.999999999999994,17.240372181917607,30.686219959576402,17.752618847325692,30.228044997521554
374,5.999999999999994,17.282322065275736,30.827153668118818,17.820541595880727,30.267745698017734
375,5.999999999999994,17.282322065275757,30.827153668118832,17.905080200188767,30.39880410165687
376,5.999999999999994,17.36805245273447,30.905769789566534,17.905364576129028,30.4921456971318
377,5.999999999999994,17.368052452734492,30.905769789566538,17.99892475707113,30.585407215353836
378,5.999999999999995,17.401719536433227,31.12741202779231,18.094434583385603,30.767800169529274
379,5.999999999999995,17.401719536433237,31.127412027792325,18.103439968588244,30.822005131203213
380,5.999999999999995,17.7587148709271,31.265244879715187,18.155590949566193,30.959103802756267
381,5.999999999999995,17.75871487092713,31.26524487971519,18.19463967599655,30.99187161492673
382,5.999999999999996,17.766193069325414,31.32386759132513,18.29953067684932,31.038123105969948
383,5.999999999999996,17.76619306932545,31.323867591325158,18.32955120079641,31.17581144620498
384,5.999999999999996,19.987227496205556,31.440256872032485,18.364316476784687,31.262049144442017
385,5.999999999999996,19.987227496205573,31.440256872032514,18.449459330652775,31.35806574616591
386,5.9999999999999964,20.01476304649902,31.586270201173672,18.53146742072049,31.42887254974969
387,5.9999999999999964,20.01476304649902,31.58627020117369,18.563996013448556,31.508643450478836
388,5.9999999999999964,20.470089605743166,31.63742580149231,18.631908345189395,31.549665529557846
389,5.9999999999999964,20.47008960574317,31.637425801492356,18.67067650505583,31.65495593676398
390,5.9999999999999964,20.506153219478538,31.74676719759373,18.76658403812419,31.757109340411652
391,5.9999999999999964,20.506153219478566,31.746767197593748,18.83062030810413,31.888785264598383
392,5.9999999999999964,20.883777858800542,31.8925468734765,18.87946184045581,31.923076187805687
393,5.9999999999999964,20.883777858800542,31.8925468734765,18.924605280033656,32.11223901717478
394,5.9999999999999964,20.98884522605848,31.968003541996634,18.987105597901664,32.22609428530168
395,5.999999999999997,20.98884522605851,31.96800354199667,19.01033520028477,32.22978699923254
396,5.999999999999997,21.283473727023754,32.02483872732548,19.08299814495374,32.37696459579032
397,5.999999999999997,21.283473727023765,32.024838727325495,19.18483140025489,32.4543705620913
398,5.999999999999997,21.29506017849529,32.23265132107882,19.238851472834895,32.66423888038996
399,5.999999999999997,21.295060178495316,32.23265132107882,19.3064002771743,32.82175942786033
400,5.999999999999998,21.309506892183133,32.43798542073636,19.416571448287737,32.86240357898234
401,5.999999999999998,21.30950689218314,32.43798542073643,19.510222551368738,32.87616487670864
402,5.999999999999998,21.310315396695433,32.53157952670529,19.543278064345003,32.95732074250828
403,5.999999999999998,21.310315396695437,32.531579526705336,19.626829677444498,33.04331214461945
404,5.999999999999998,21.512917984233532,32.66869927514926,19.649547513076147,33.140406843593595
405,5.999999999999999,21.51291798423356,32.668699275149294,19.71190209567825,33.20036098720825
406,5.999999999999999,21.576907069889486,32.702730131860044,19.7276041487467,33.41629642598596
407,5.999999999999999,21.576907069889536,32.70273013186006,19.759672400157,33.59309572429538
408,5.999999999999999,21.890781014906672,33.035869307378185,19.775606230400655,33.67142502530583
409,5.999999999999999,21.89078101490669,33.03586930737822,19.878746838139588,33.71361323339249
410,5.999999999999999,21.90900283466395,33.24179333911644,20.03649892555072,33.767150361978175
411,6.0,21.909002834663973,33.2417933391165,20.058510961501685,33.90984640033503
412,6.0,22.0192526891957,33.3289077899581,20.136405695818297,33.949063308955196
413,6.0,22.01925268919572,33.328907789958116,20.23384753564025,34.07968890186239
414,6.0,22.160306135936544,33.385476059716915,20.310259256143414,34.149312947988236
415,6.0,22.160306135936583,33.38547605971696,20.334417510743787,34.26973263026698
416,6.0,22.22500631615118,33.680041619941505,20.377770968891138,34.38617523952812
417,6.0,22.225006316151198,33.68004161994153,20.38667886348394,34.55844539996201
418,6.0,22.254940315101347,33.729989137719926,20.478702850642065,34.694083276975704
419,6.0,22.25494031510136,33.72998913771994,20.572014440014723,34.77712690118123
420,6.0,22.260445143467372,33.95228676313513,20.625386609325435,34.85159229841247
421,6.0,22.2604451434674,33.95228676313513,20.751983158165388,34.98949254354773
422,6.0,22.27379716304937,34.04689197511696,20.77147820376053,35.119394164188925
423,6.000000000000001,22.27379716304938,34.046891975116964,20.855095667928914,35.23309782571726
424,6.000000000000001,22.38399468387499,34.186824274071824,20.885544466267284,35.30570001765048
425,6.000000000000001,22.383994683875006,34.18682427407187,21.01476300013361,35.33179885432006
426,6.000000000000001,22.41197901083216,34.43576894199915,21.077455075688633,35.41846074760994
427,6.000000000000001,22.411979010832187,34.43576894199916,21.181700931080012,35.613519467302524
428,6.000000000000001,22.8372004560314,34.68227362760221,21.23385907150578,35.67377628942763
429,6.000000000000001,22.83720045603142,34.68227362760222,21.254529626716074,35.8049537918029
430,6.000000000000001,22.848272637276793,34.98306595496503,21.276465205552505,36.02484709574678
431,6.000000000000001,22.8482726372768,34.98306595496507,21.343020776590297,36.15371107185259
432,6.000000000000001,23.15461122786016,35.10436245955853,21.375211676947767,36.24206879500247
433,6.000000000000001,23.15461122786017,35.10436245955853,21.49407618386121,36.27051863692689
434,6.000000000000001,23.158435251798014,35.36479140107845,21.540681292035295,36.41509542991043
435,6.000000000000002,23.158435251798014,35.364791401078534,21.639639665296368,36.48576012822097
436,6.000000000000002,23.53645734129935,35.51562898114303,21.696239419965373,36.64095017570783
437,6.000000000000002,23.536457341299368,35.515628981143074,21.787691279108074,36.66112137609133
438,6.000000000000002,23.5568005060816,35.59671895070837,21.85333828642214,37.04398099999569
439,6.000000000000002,23.556800506081622,35.596718950708386,21.987720571967355,37.12294340595203
440,6.000000000000002,23.771229874428343,35.6595027517618,22.068572095835087,37.21791605827907
441,6.000000000000002,23.771229874428347,35.659502751761806,22.084373127605023,37.26676741221893
442,6.000000000000002,23.775444560115183,35.799750598200845,22.204201822345254,37.31395779918348
443,6.000000000000002,23.775444560115186,35.79975059820088,22.22551330023607,37.43770536728739
444,6.000000000000003,24.00405084707708,36.03036978047533,22.30854339501827,37.73113112273996
445,6.000000000000003,24.00405084707709,36.03036978047534,22.37301244367796,37.85622659796024
446,6.000000000000003,24.008701917041694,36.27085020333017,22.417093662816157,38.03613023438833
447,6.000000000000003,24.0087019170417,36.2708502033302,22.57606581381535,38.10700346216486
448,6.0000000000000036,24.8489889784516,36.59882597945556,22.6414831022946,38.16557199211328
449,6.0000000000000036,24.848988978451608,36.5988259794557,22.698674087610566,38.32855890459406
450,6.0000000000000036,24.849590064262145,36.80413573136728,22.727966878163173,38.415351965383145
451,6.0000000000000036,24.849590064262156,36.804135731367346,22.812532009980146,38.471489317792084
452,6.0000000000000036,24.970446046769165,37.14938103000589,22.870890884535232,38.78975581578688
453,6.0000000000000036,24.970446046769172,37.14938103000593,22.975435196432265,38.83228716553359
454,6.0000000000000036,24.98883309694391,37.280405411037016,23.01753167881944,38.953106774272925
455,6.000000000000004,24.988833096943925,37.28040541103702,23.215047152358736,39.05294826767608
456,6.000000000000004,26.69376148022384,37.81072581291074,23.236733530096398,39.0871108156897
457,6.000000000000004,26.69376148022384,37.81072581291082,23.324124326567766,39.369950560464986
458,6.000000000000005,26.76354988196567,37.84840182462494,23.496027628231744,39.51686677555337
459,6.000000000000005,26.76354988196568,37.84840182462499,23.5222091347301,39.66824626388284
460,6.000000000000005,26.766881385852162,38.18998661951036,23.717410360726117,39.82220092952601
461,6.000000000000005,26.766881385852198,38.18998661951046,23.767599834879217,40.00465392618137
462,6.000000000000006,26.791918160110786,38.75180687805844,23.91264010605555,40.06661345977488
463,6.000000000000006,26.791918160110804,38.75180687805847,23.92779170706654,40.14575845480314
464,6.000000000000007,27.25789102156374,38.88056210138812,24.124116438390484,40.21260917222588
465,6.000000000000008,27.257891021563772,38.88056210138815,24.251007643147695,40.37693457823325
466,6.000000000000008,27.29140877948697,39.27584861892551,24.311707138581966,40.611954027063014
467,6.000000000000008,27.291408779487014,39.27584861892553,24.41820549770021,40.85128110002923
468,6.000000000000009,27.321895862639458,39.513640401638284,24.52233927935012,40.91585533972463
469,6.000000000000009,27.32189586263946,39.5136404016384,24.58263652644503,41.061696201244594
470,6.000000000000009,27.347269713665074,39.659671417244,24.72879160427755,41.14395105158765
471,6.000000000000009,27.347269713665117,39.659671417244134,24.766183941714182,41.31687515677228
472,6.000000000000009,27.860640179050844,39.84912752304665,24.84580872985631,41.36276552257271
473,6.000000000000009,27.86064017905085,39.8491275230467,25.010490164251827,41.544684788682055
474,6.000000000000009,27.864094696858213,39.98654943001153,25.140584385932446,41.64329256062747
475,6.00000000000001,27.86409469685822,39.98654943001155,25.29982165897039,41.89123560383733
476,6.00000000000001,27.921724562975925,40.43714783842858,25.38759690410914,42.0238637444427
477,6.00000000000001,27.921724562975932,40.4371478384286,25.499510227094596,42.19446026132408
478,6.000000000000011,27.950456920582386,40.77348018500858,25.60872682725607,42.292923526622324
479,6.000000000000012,27.95045692058239,40.77348018500871,25.667385244171562,42.50059031612045
480,7.999999999999984,28.734270341139013,41.26301327262662,25.789265554996277,42.60041811265703
481,7.999999999999985,28.734270341139023,41.26301327262664,26.09351419421651,42.944971720373886
482,7.999999999999992,28.75996116855392,41.51813680616809,26.106269826131356,43.15340240180109
483,7.999999999999994,28.75996116855394,41.518136806168094,26.351367988203595,43.428207211371465
484,7.999999999999995,28.86328100625646,42.19742925892775,26.408559894444913,43.655589641550975
485,7.999999999999995,28.863281006256464,42.19742925892782,26.521644364797154,43.86045454581596
486,7.999999999999995,28.875424371055217,42.88310922166713,26.603764073759645,44.091550382139374
487,7.9999999999999964,28.875424371055225,42.88310922166721,26.724912550329847,44.3029258838045
488,7.9999999999999964,29.060196228384562,43.32783691463494,26.973805775380164,44.58359501472652
489,7.9999999999999964,29.06019622838457,43.32783691463499,27.04606859026181,44.62126996361886
490,7.9999999999999964,29.092242584098184,43.595730930470936,27.33773777275879,45.25396532408363
491,7.999999999999998,29.092242584098194,43.595730930470985,27.469216564415213,45.37457388825399
492,7.999999999999999,29.104451633866702,44.28909003347928,27.67733227756425,45.51689150033861
493,8.0,29.104451633866706,44.28909003347933,27.803538611141057,46.18477854244162
494,8.0,29.232317919214996,44.92260452107408,27.885960421380545,46.31152399161551
495,8.0,29.232317919215006,44.922604521074234,28.121683361888586,46.658343748900876
496,8.000000000000002,29.74195121415855,45.26684345353803,28.235450955787293,46.9027623896598
497,8.000000000000004,29.741951214158558,45.266843453538165,28.62828147668156,47.18190129455037
498,8.000000000000004,29.934295596643206,46.034418248115855,28.672929601249592,47.46210419875879
499,8.000000000000004,29.93429559664324,46.03441824811588,29.286040502448405,47.65748245888757
500,8.000000000000004,30.032240301023474,47.45318392586767,29.604899044155456,47.8336444700685
501,8.000000000000004,30.03224030102348,47.453183925867755,29.888590930517772,48.07730771331636
502,8.000000000000005,30.153058997093932,47.71940207284422,30.132292773336122,48.78422374927379
503,8.000000000000005,30.15305899709396,47.71940207284427,30.18587364900097,49.44261499195398
504,8.000000000000005,30.95197776990916,48.46296548273447,30.874580490036198,50.11770519644574
505,8.000000000000007,30.95197776990917,48.46296548273448,30.96709258217529,50.90816410369349
506,8.000000000000009,30.990715249301175,49.34194188681331,31.280109729465693,51.77216794629748
507,8.00000000000001,30.990715249301182,49.34194188681332,32.867128118511054,52.268860801398034
508,8.000000000000012,31.18863664838184,50.812997129721325,33.12003944494893,54.5605547795605
509,8.000000000000016,31.1886366483819,50.81299712972136,33.55281442383144,56.03090530835257
510,8.000000000000016,31.219862563692498,51.165436113023425,35.871461865133895,60.9215402204108
511,8.000000000000021,31.219862563692534,51.165436113023425,42.11360063052439,61.831524954459674
